©P«B¬X,108820015,zoezou9,https://github.com/zoezou9/ct2023s
ªL¯Ð¨°,108820032,johnny255344,https://github.com/johnny255344/ct2023s
¤ý¨|´P,109598109,ANAIOwO,https://github.com/ANAIOwO/ct2023s
³\¶v»¨,109820022,HsuHsuHsuHsu,https://github.com/HsuHsuHsuHsu/ct2023s
³¯¥ß´L,110598021,HiJuke,https://github.com/HiJuke/ct2023s
ªL«³¨°,110598097,koiMeow,https://github.com/koiMeow/ct2023s
½²³Í³Ô,111368101,TaylorNTUT,https://github.com/TaylorNTUT/ct2023s
ªL¤å¤ß,111598001,Wenshin1109,https://github.com/Wenshin1109/ct2023s
¤ý«\³ì,111598002,chiaoooo,https://github.com/chiaoooo/ct2023s
Ã¹¦W«Û,111598006,yah123454,https://github.com/yah123454/ct2023s
¬x¹Å¿Z,111598007,simple997369,https://github.com/simple997369/ct2023s
§d¨Ø¿²,111598012,amy58328,https://github.com/amy58328/ct2023s
±ç¦öÂ@,111598023,yopaper,https://github.com/yopaper/ct2023s
ªL¬fºú,111598025,ericcodedog,https://github.com/ericcodedog/ct2023s
¼B¬føÊ,111598026,boboxin,https://github.com/boboxin/ct2023s
µ£¬f¶v,111598027,TBJ123121,https://github.com/TBJ123121/ct2023s
³¯·Ôµ¾,111598028,Sam-Chen98991723,https://github.com/Sam-Chen98991723/ct2023s
³¯®p·¢,111598030,timtimno1,https://github.com/timtimno1/ct2023s
¸â´¼¶v,111598033,mizuyoruTW,https://github.com/mizuyoruTW/ct2023s
¼B¸U¥°,111598036,fantasywars,https://github.com/fantasywars/ct2023s
§õ¥úÄ£,111598038,NTUT-kyle,https://github.com/NTUT-kyle/ct2023s
ªL¥ß´Ë,111598040,LINlisen,https://github.com/LINlisen/ct2023s
¶À¤D°a,111598041,Eatmyself,https://github.com/Eatmyself/ct2023s
¿c©¨Êo,111598042,Lu0912,https://github.com/Lu0912/ct2023s
±ä¼y«É,111598044,yoyotsao,https://github.com/yoyotsao/ct2023s
³¯¬ê§Í,111598052,ytchen175,https://github.com/ytchen175/ct2023s
¶î±áºÍ,111598058,hhhhhhaaaaaahha,https://github.com/hhhhhhaaaaaahha/ct2023s
?²NÙç,111598060,wChiis,https://github.com/wChiis/ct2023s
ÁÂ©Ó¿«,111598061,21316140,https://github.com/21316140/ct2023s
³\­õºû,111598066,Daaata,https://github.com/Daaata/ct2023s
¤ý¤W¿A,111598067,cardze,https://github.com/cardze/ct2023s
¶À¬f?,111598068,biechee,https://github.com/biechee/ct2023s
¹p©§»T,111598069,beckylei,https://github.com/beckylei/ct2023s
¿à«TÀM,111598070,salasrew,https://github.com/salasrew/ct2023s
´å¤l¼ü,111598071,yuko880129,https://github.com/yuko880129/ct2023s
§d«Â³Ó,111598075,Elvis-Wu,https://github.com/Elvis-Wu/ct2023s
½²µ¤³Ç,111598076,menderman,https://github.com/menderman/ct2023s
³¯¬f³ó,111598078,joy00526,https://github.com/joy00526/ct2023s
³¯¬FÞ³,111598081,Catossun,https://github.com/Catossun/ct2023s
§õ¤§¥¿,111598082,ben16172007,https://github.com/ben16172007/ct2023s
ªô¤ZÏy,111598087,ffoki501398,https://github.com/ffoki501398/ct2023s
§õ©ø¿n,111598089,kunji086,https://github.com/kunji086/ct2023s
³¯ºa®x,111598090,CHENJUNGTING,https://github.com/CHENJUNGTING/ct2023s
¨ô¨Èæ¢,111598092,t598092,https://github.com/t598092/ct2023s
¬x·¢²±,111598096,jackatlas0607,https://github.com/jackatlas0607/ct2023s
¤ý°¶Ùy,111598401,HengWeiBin,https://github.com/HengWeiBin/ct2023s
ÁÂ©ö¦w,111AC8001,Annie0329,https://github.com/Annie0329/ct2023s
¼B¸©,111C52002,Liu-Hsuan,https://github.com/Liu-Hsuan/ct2023s
¨¦­x,111C52007,doom0831,https://github.com/doom0831/ct2023s
¹ù­Y¦w,111C52030,annieliao199803,https://github.com/annieliao199803/ct2023s
¾G¤Ö®p,111C52032,ChengShaoFong,https://github.com/ChengShaoFong/ct2023s
¶ÀßN´Q,111C52034,winnie0101,https://github.com/winnie0101/ct2023s
¶À¿AµM,107590049,joe10897,https://github.com/joe10897/ct2023s
¸â®a½n,107590059,chankai1016,https://github.com/chankai1016/ct2023s
§õ¥Ã¼w,107590060,Eric2802,https://github.com/Eric2802/ct2023s
§õ¤å¦Ü,108590001,AndyLee0310,https://github.com/AndyLee0310/ct2023s
½²ªÃ§»,108590009,t108590009,https://github.com/t108590009/ct2023s
ªL»Ê¬F,108590017,t108590017,https://github.com/t108590017/ct2023s
¼B«ÛÅï,108590019,t108590019,https://github.com/t108590019/ct2023s
ªL­§³Í,108590020,108590020,https://github.com/108590020/ct2023s
³¯¬fëù,108590033,Po-Chang-Chen,https://github.com/Po-Chang-Chen/ct2023s
®}§°ÔÐ,108590037,YenChieh0716,https://github.com/YenChieh0716/ct2023s
·¨³ÓªB,108590041,t108590041,https://github.com/t108590041/ct2023s
¾GµY¬Â,108590056,irenezhengg,https://github.com/irenezhengg/ct2023s
½²µ¾¦t,108820018,sean0505tsai,https://github.com/sean0505tsai/ct2023s
³¯¬f¦|,108820030,108820030,https://github.com/108820030/ct2023s
³¯¤OÞ³,108820038,txya900619,https://github.com/txya900619/ct2023s
¿c²n,108AEA006,lushuang226,https://github.com/lushuang226/ct2023s
³¯¥k¾§,109590005,t10959005,https://github.com/t10959005/ct2023s
¨HË¢Ê»,109820005,109820005,https://github.com/109820005/ct2023s
¨H§ÓÁ¾,109820008,brian901106,https://github.com/brian901106/ct2023s
¼B«Û¼w,109820024,t109820024,https://github.com/t109820024/ct2023s
¿c¨Ø©É,110AEM001,CoraLPY,https://github.com/CoraLPY/ct2023s
ÃÓ¥ÃÂ@,110AEM002,NTUT-LUNA,https://github.com/NTUT-LUNA/ct2023s
,,,
,,,
,,,
,,,
,,,
,,,
,,,
,,,
,,,
,,,
,,,
,,,
,,,
,,,
,,,
,,,
,,,
,,,
,,,
,,,
,,,
,,,
,,,
,,,
,,,
,,,
,,,
,,,
,,,
,,,
,,,
,,,
,,,
,,,
,,,
,,,
,,,
,,,
,,,
,,,
,,,
,,,
,,,
,,,
,,,
,,,
,,,
,,,
,,,
,,,
,,,
,,,
,,,
,,,
,,,
,,,
,,,
,,,
,,,
,,,
,,,
,,,
,,,
,,,
,,,
,,,
,,,
,,,
,,,
,,,
,,,
,,,
,,,
,,,
,,,
,,,
,,,
,,,
,,,
,,,
,,,
,,,
,,,
,,,
,,,
,,,
,,,
,,,
,,,
,,,
,,,
,,,
,,,
,,,
,,,
,,,
,,,
,,,
,,,
,,,
,,,
,,,
,,,
,,,
,,,
,,,
,,,
,,,
,,,
,,,
,,,
,,,
,,,
,,,
,,,
,,,
,,,
,,,
,,,
,,,
,,,
,,,
,,,
,,,
,,,
,,,
,,,
,,,
,,,
,,,
,,,
,,,
,,,
,,,
,,,
,,,
,,,
,,,
,,,
,,,
,,,
,,,
,,,
,,,
,,,
,,,
,,,
,,,
,,,
,,,
,,,
,,,
,,,
,,,
,,,
,,,
,,,
,,,
,,,
,,,
,,,
,,,
,,,
,,,
,,,
,,,
,,,
,,,
,,,
,,,
,,,
,,,
,,,
,,,
,,,
,,,
,,,
,,,
,,,
,,,
,,,
,,,
,,,
,,,
,,,
,,,
,,,
,,,
,,,
,,,
,,,
,,,
,,,
,,,
,,,
,,,
,,,
,,,
,,,
,,,
,,,
,,,
,,,
,,,
,,,
,,,
,,,
,,,
,,,
,,,
,,,
,,,
,,,
,,,
,,,
,,,
,,,
,,,
,,,
,,,
,,,
,,,
,,,
,,,
,,,
,,,
,,,
,,,
,,,
,,,
,,,
,,,
,,,
,,,
,,,
,,,
,,,
,,,
,,,
,,,
,,,
,,,
,,,
,,,
,,,
,,,
,,,
,,,
,,,
,,,
,,,
,,,
,,,
,,,
,,,
,,,
,,,
,,,
,,,
,,,
,,,
,,,
,,,
,,,
,,,
,,,
,,,
,,,
,,,
,,,
,,,
,,,
,,,
,,,
,,,
,,,
,,,
,,,
,,,
,,,
,,,
,,,
,,,
,,,
,,,
,,,
,,,
,,,
,,,
,,,
,,,
,,,
,,,
,,,
,,,
,,,
,,,
,,,
,,,
,,,
,,,
,,,
,,,
,,,
,,,
,,,
,,,
,,,
,,,
,,,
,,,
,,,
,,,
,,,
,,,
,,,
,,,
,,,
,,,
,,,
,,,
,,,
,,,
,,,
,,,
,,,
,,,
,,,
,,,
,,,
,,,
,,,
,,,
,,,
,,,
,,,
,,,
,,,
,,,
,,,
,,,
,,,
,,,
,,,
,,,
,,,
,,,
,,,
,,,
,,,
,,,
,,,
,,,
,,,
,,,
,,,
,,,
,,,
,,,
,,,
,,,
,,,
,,,
,,,
,,,
,,,
,,,
,,,
,,,
,,,
,,,
,,,
,,,
,,,
,,,
,,,
,,,
,,,
,,,
,,,
,,,
,,,
,,,
,,,
,,,
,,,
,,,
,,,
,,,
,,,
,,,
,,,
,,,
,,,
,,,
,,,
,,,
,,,
,,,
,,,
,,,
,,,
,,,
,,,
,,,
,,,
,,,
,,,
,,,
,,,
,,,
,,,
,,,
,,,
,,,
,,,
,,,
,,,
,,,
,,,
,,,
,,,
,,,
,,,
,,,
,,,
,,,
,,,
,,,
,,,
,,,
,,,
,,,
,,,
,,,
,,,
,,,
,,,
,,,
,,,
,,,
,,,
,,,
,,,
,,,
,,,
,,,
,,,
,,,
,,,
,,,
,,,
,,,
,,,
,,,
,,,
,,,
,,,
,,,
,,,
,,,
,,,
,,,
,,,
,,,
,,,
,,,
,,,
,,,
,,,
,,,
,,,
,,,
,,,
,,,
,,,
,,,
,,,
,,,
,,,
,,,
,,,
,,,
,,,
,,,
,,,
,,,
,,,
,,,
,,,
,,,
,,,
,,,
,,,
,,,
,,,
,,,
,,,
,,,
,,,
,,,
,,,
,,,
,,,
,,,
,,,
,,,
,,,
,,,
,,,
,,,
,,,
,,,
,,,
,,,
,,,
,,,
,,,
,,,
,,,
,,,
,,,
,,,
,,,
,,,
,,,
,,,
,,,
,,,
,,,
,,,
,,,
,,,
,,,
,,,
,,,
,,,
,,,
,,,
,,,
,,,
,,,
,,,
,,,
,,,
,,,
,,,
,,,
,,,
,,,
,,,
,,,
,,,
,,,
,,,
,,,
,,,
,,,
,,,
,,,
,,,
,,,
,,,
,,,
,,,
,,,
,,,
,,,
,,,
,,,
,,,
,,,
,,,
,,,
,,,
,,,
,,,
,,,
,,,
,,,
,,,
,,,
,,,
,,,
,,,
,,,
,,,
,,,
,,,
,,,
,,,
,,,
,,,
,,,
,,,
,,,
,,,
,,,
,,,
,,,
,,,
,,,
,,,
,,,
,,,
,,,
,,,
,,,
,,,
,,,
,,,
,,,
,,,
,,,
,,,
,,,
,,,
,,,
,,,
,,,
,,,
,,,
,,,
,,,
,,,
,,,
,,,
,,,
,,,
,,,
,,,
,,,
,,,
,,,
,,,
,,,
,,,
,,,
,,,
,,,
,,,
,,,
,,,
,,,
,,,
,,,
,,,
,,,
,,,
,,,
,,,
,,,
,,,
,,,
,,,
,,,
,,,
,,,
,,,
,,,
,,,
,,,
,,,
,,,
,,,
,,,
,,,
,,,
,,,
,,,
,,,
,,,
,,,
,,,
,,,
,,,
,,,
,,,
,,,
,,,
,,,
,,,
,,,
,,,
,,,
,,,
,,,
,,,
,,,
,,,
,,,
,,,
,,,
,,,
,,,
,,,
,,,
,,,
,,,
,,,
,,,
,,,
,,,
,,,
,,,
,,,
,,,
,,,
,,,
,,,
,,,
,,,
,,,
,,,
,,,
,,,
,,,
,,,
,,,
,,,
,,,
,,,
,,,
,,,
,,,
,,,
,,,
,,,
,,,
,,,
,,,
,,,
,,,
,,,
,,,
,,,
,,,
,,,
,,,
,,,
,,,
,,,
,,,
,,,
,,,
,,,
,,,
,,,
,,,
,,,
,,,
,,,
,,,
,,,
,,,
,,,
,,,
,,,
,,,
,,,
,,,
,,,
,,,
,,,
,,,
,,,
,,,
,,,
,,,
,,,
,,,
,,,
,,,
,,,
,,,
,,,
,,,
,,,
,,,
,,,
,,,
,,,
,,,
,,,
,,,
,,,
,,,
,,,
,,,
,,,
,,,
,,,
,,,
,,,
,,,
,,,
,,,
,,,
,,,
,,,
,,,
,,,
,,,
,,,
,,,
,,,
,,,
,,,
,,,
,,,
,,,
,,,
,,,
,,,
,,,
,,,
,,,
,,,
,,,
,,,
,,,
,,,
,,,
,,,
,,,
,,,
,,,
,,,
,,,
,,,
,,,
,,,
,,,
,,,
,,,
,,,
,,,
,,,
,,,
,,,
,,,
,,,
,,,
,,,
,,,
,,,
,,,
,,,
,,,
,,,
,,,
,,,
,,,
,,,
,,,
,,,
,,,
,,,
,,,
,,,
,,,
,,,
,,,
,,,
,,,
,,,
,,,
,,,
,,,
,,,
,,,
,,,
,,,
,,,
,,,
,,,
,,,
,,,
,,,
,,,
,,,
,,,
,,,
,,,
,,,
,,,
,,,
,,,
,,,
,,,
,,,
,,,
,,,
,,,
,,,
,,,
,,,
,,,
,,,
,,,
,,,
,,,
,,,
,,,
,,,
,,,
,,,
,,,
,,,
,,,
,,,
,,,
,,,
,,,
,,,
,,,
,,,
